Temperature (K),Pressure (MPa),Density (mol/l),Volume (l/mol),Internal Energy (kJ/mol),Enthalpy (kJ/mol),Entropy (J/mol*K),Cv (J/mol*K),Cp (J/mol*K),Sound Spd. (m/s),Joule-Thomson (K/MPa),Viscosity (uPa*s),Therm. Cond. (W/m*K),Phase
298.15,0.1,6.7824,0.14744,-17.647,-17.632,-52.742,177.78,225.11,1132.3,-0.41073,390.13,0.1222,liquid
303.15,0.1,6.7398,0.14837,-16.517,-16.502,-48.983,179.56,227.02,1110.6,-0.40279,369.72,0.12069,liquid
308.15,0.1,6.697,0.14932,-15.377,-15.362,-45.253,181.36,228.98,1089.0,-0.39461,350.87,0.11918,liquid
313.15,0.1,6.654,0.15029,-14.227,-14.212,-41.551,183.18,230.97,1067.6,-0.38618,333.4,0.11769,liquid
318.15,0.1,6.6107,0.15127,-13.067,-13.052,-37.877,185.03,232.99,1046.2,-0.37748,317.19,0.1162,liquid
323.15,0.1,6.567,0.15228,-11.897,-11.882,-34.228,186.89,235.05,1025.0,-0.36851,302.09,0.11472,liquid
328.15,0.1,6.523,0.1533,-10.717,-10.701,-30.603,188.77,237.13,1003.8,-0.35924,288.0,0.11326,liquid
333.15,0.1,6.4787,0.15435,-9.5259,-9.5105,-27.001,190.67,239.24,982.79,-0.34966,274.83,0.1118,liquid
338.15,0.1,6.434,0.15543,-8.3245,-8.3089,-23.421,192.58,241.38,961.85,-0.33974,262.49,0.11035,liquid
343.15,0.1,6.3888,0.15652,-7.1123,-7.0966,-19.862,194.5,243.55,941.0,-0.32946,250.91,0.10891,liquid
348.15,0.1,6.3432,0.15765,-5.8892,-5.8734,-16.323,196.43,245.74,920.23,-0.31879,240.01,0.10749,liquid
353.15,0.1,6.2971,0.1588,-4.6551,-4.6392,-12.803,198.37,247.96,899.55,-0.30768,229.74,0.10607,liquid
358.15,0.1,6.2505,0.15999,-3.4098,-3.3938,-9.3017,200.32,250.2,878.93,-0.29611,220.05,0.10467,liquid
363.15,0.1,6.2034,0.1612,-2.1533,-2.1372,-5.8173,202.27,252.47,858.38,-0.28402,210.88,0.10328,liquid
368.15,0.1,6.1557,0.16245,-0.88532,-0.86907,-2.3492,204.22,254.77,837.89,-0.27135,202.2,0.1019,liquid
371.1,0.1,6.1272,0.16321,-0.13113,-0.11481,-0.30862,205.38,256.14,825.82,-0.26358,197.28,0.10109,liquid
371.1,0.1,0.034204,29.236,28.726,31.65,85.287,192.32,203.41,170.73,31.757,7.207,0.019134,vapor
373.15,0.1,0.033976,29.433,29.124,32.067,86.409,193.19,204.21,171.37,31.045,7.249,0.019332,vapor
378.15,0.1,0.033433,29.91,30.102,33.093,89.14,195.31,206.16,172.9,29.392,7.3512,0.019819,vapor
383.15,0.1,0.032912,30.384,31.091,34.129,91.861,197.42,208.12,174.4,27.854,7.4532,0.020312,vapor
388.15,0.1,0.03241,30.855,32.089,35.174,94.572,199.52,210.08,175.87,26.422,7.5549,0.020811,vapor
393.15,0.1,0.031926,31.322,33.098,36.23,97.273,201.62,212.05,177.32,25.087,7.6564,0.021315,vapor
398.15,0.1,0.03146,31.787,34.116,37.295,99.965,203.71,214.01,178.74,23.842,7.7577,0.021825,vapor
403.15,0.1,0.031009,32.249,35.145,38.37,102.65,205.78,215.98,180.13,22.68,7.8588,0.022341,vapor
408.15,0.1,0.030573,32.708,36.184,39.455,105.32,207.85,217.94,181.51,21.593,7.9597,0.022862,vapor
413.15,0.1,0.030152,33.165,37.233,40.549,107.99,209.9,219.9,182.86,20.578,8.0603,0.023388,vapor
418.15,0.1,0.029744,33.621,38.292,41.654,110.65,211.95,221.86,184.19,19.627,8.1608,0.023919,vapor
423.15,0.1,0.029348,34.074,39.36,42.768,113.29,213.98,223.81,185.5,18.737,8.2612,0.024454,vapor
428.15,0.1,0.028965,34.525,40.439,43.892,115.93,216.0,225.75,186.8,17.903,8.3613,0.024995,vapor
433.15,0.1,0.028592,34.974,41.528,45.025,118.57,218.01,227.69,188.08,17.12,8.4613,0.025539,vapor
438.15,0.1,0.028231,35.422,42.626,46.169,121.19,220.0,229.62,189.34,16.386,8.5612,0.026088,vapor
443.15,0.1,0.027879,35.869,43.735,47.322,123.81,221.99,231.54,190.59,15.696,8.6608,0.026642,vapor
448.15,0.1,0.027538,36.314,44.853,48.484,126.42,223.96,233.45,191.82,15.048,8.7604,0.027199,vapor
453.15,0.1,0.027205,36.758,45.98,49.656,129.02,225.91,235.35,193.04,14.439,8.8597,0.027761,vapor
458.15,0.1,0.026882,37.2,47.117,50.837,131.61,227.86,237.25,194.24,13.865,8.959,0.028326,vapor
463.15,0.1,0.026567,37.641,48.264,52.028,134.19,229.79,239.13,195.44,13.324,9.058,0.028895,vapor
468.15,0.1,0.026259,38.082,49.421,53.229,136.77,231.71,241.0,196.62,12.814,9.1569,0.029467,vapor
473.15,0.1,0.02596,38.521,50.586,54.438,139.34,233.61,242.87,197.79,12.333,9.2557,0.030044,vapor
478.15,0.1,0.025668,38.959,51.762,55.657,141.91,235.5,244.72,198.95,11.879,9.3543,0.030623,vapor
483.15,0.1,0.025383,39.396,52.946,56.886,144.46,237.38,246.56,200.09,11.449,9.4528,0.031206,vapor
488.15,0.1,0.025105,39.833,54.14,58.123,147.01,239.24,248.39,201.23,11.043,9.5511,0.031792,vapor
493.15,0.1,0.024833,40.269,55.343,59.369,149.55,241.09,250.21,202.36,10.658,9.6493,0.032381,vapor
498.15,0.1,0.024568,40.704,56.555,60.625,152.08,242.93,252.01,203.48,10.293,9.7473,0.032973,vapor
503.15,0.1,0.024309,41.138,57.776,61.89,154.61,244.75,253.81,204.59,9.9474,9.8452,0.033568,vapor
508.15,0.1,0.024055,41.571,59.006,63.163,157.13,246.56,255.59,205.69,9.6191,9.9429,0.034166,vapor
513.15,0.1,0.023807,42.004,60.245,64.446,159.64,248.36,257.36,206.78,9.3074,10.04,0.034767,vapor
518.15,0.1,0.023565,42.437,61.493,65.737,162.14,250.14,259.12,207.86,9.0111,10.138,0.03537,vapor
523.15,0.1,0.023327,42.868,62.75,67.037,164.64,251.91,260.87,208.94,8.7293,10.235,0.035976,vapor
528.15,0.1,0.023095,43.3,64.015,68.345,167.13,253.67,262.6,210.01,8.4611,10.332,0.036585,vapor
533.15,0.1,0.022867,43.73,65.29,69.663,169.61,255.41,264.33,211.07,8.2056,10.429,0.037196,vapor
538.15,0.1,0.022645,44.16,66.573,70.989,172.09,257.15,266.04,212.12,7.9621,10.526,0.037809,vapor
543.15,0.1,0.022426,44.59,67.864,72.323,174.55,258.86,267.74,213.17,7.7299,10.623,0.038424,vapor
548.15,0.1,0.022213,45.019,69.164,73.666,177.02,260.57,269.43,214.21,7.5082,10.719,0.039042,vapor
553.15,0.1,0.022003,45.448,70.473,75.017,179.47,262.26,271.1,215.24,7.2966,10.815,0.039662,vapor
558.15,0.1,0.021797,45.877,71.789,76.377,181.92,263.94,272.77,216.27,7.0942,10.911,0.040283,vapor
563.15,0.1,0.021596,46.305,73.115,77.745,184.36,265.61,274.42,217.29,6.9007,11.007,0.040907,vapor
568.15,0.1,0.021398,46.733,74.448,79.121,186.79,267.26,276.06,218.3,6.7155,11.103,0.041533,vapor
573.15,0.1,0.021204,47.16,75.79,80.506,189.22,268.91,277.69,219.31,6.5381,11.199,0.042161,vapor
578.15,0.1,0.021014,47.587,77.139,81.898,191.63,270.54,279.31,220.31,6.3681,11.294,0.04279,vapor
583.15,0.1,0.020827,48.014,78.497,83.299,194.05,272.16,280.91,221.3,6.2051,11.389,0.043421,vapor
588.15,0.1,0.020644,48.441,79.863,84.707,196.45,273.76,282.51,222.29,6.0486,11.484,0.044054,vapor
593.15,0.1,0.020464,48.867,81.237,86.124,198.85,275.36,284.09,223.28,5.8984,11.579,0.044689,vapor
598.15,0.1,0.020287,49.293,82.619,87.548,201.24,276.94,285.66,224.26,5.754,11.674,0.045325,vapor
298.15,0.5,6.7863,0.14736,-17.669,-17.595,-52.816,177.8,225.03,1135.4,-0.41161,391.87,0.12239,liquid
303.15,0.5,6.7439,0.14828,-16.539,-16.465,-49.057,179.58,226.94,1113.8,-0.40375,371.39,0.12089,liquid
308.15,0.5,6.7013,0.14923,-15.4,-15.326,-45.329,181.38,228.89,1092.3,-0.39564,352.48,0.11939,liquid
313.15,0.5,6.6584,0.15019,-14.251,-14.176,-41.629,183.2,230.87,1070.9,-0.3873,334.96,0.1179,liquid
318.15,0.5,6.6152,0.15117,-13.092,-13.017,-37.956,185.04,232.89,1049.7,-0.3787,318.69,0.11642,liquid
323.15,0.5,6.5718,0.15217,-11.923,-11.847,-34.309,186.91,234.94,1028.5,-0.36983,303.55,0.11495,liquid
328.15,0.5,6.528,0.15319,-10.744,-10.667,-30.685,188.79,237.01,1007.5,-0.36067,289.43,0.11349,liquid
333.15,0.5,6.4839,0.15423,-9.5541,-9.477,-27.085,190.69,239.12,986.57,-0.35122,276.22,0.11204,liquid
338.15,0.5,6.4393,0.1553,-8.3537,-8.2761,-23.508,192.6,241.25,965.74,-0.34144,263.85,0.11059,liquid
343.15,0.5,6.3944,0.15639,-7.1427,-7.0645,-19.951,194.52,243.4,945.01,-0.33131,252.24,0.10916,liquid
348.15,0.5,6.3491,0.1575,-5.9208,-5.842,-16.414,196.44,245.58,924.37,-0.32081,241.32,0.10775,liquid
353.15,0.5,6.3033,0.15865,-4.6879,-4.6086,-12.897,198.38,247.79,903.82,-0.30989,231.02,0.10634,liquid
358.15,0.5,6.257,0.15982,-3.444,-3.3641,-9.3973,200.33,250.02,883.35,-0.29852,221.31,0.10495,liquid
363.15,0.5,6.2101,0.16103,-2.1889,-2.1083,-5.9154,202.28,252.27,862.94,-0.28666,212.13,0.10356,liquid
368.15,0.5,6.1627,0.16227,-0.92241,-0.84128,-2.4501,204.23,254.56,842.61,-0.27426,203.43,0.10219,liquid
373.15,0.5,6.1147,0.16354,0.35549,0.43726,0.99934,206.19,256.86,822.33,-0.26126,195.18,0.10084,liquid
378.15,0.5,6.0661,0.16485,1.645,1.7274,4.4338,208.14,259.2,802.1,-0.24758,187.35,0.099489,liquid
383.15,0.5,6.0168,0.1662,2.9462,3.0293,7.8541,210.1,261.57,781.91,-0.23317,179.89,0.098153,liquid
388.15,0.5,5.9667,0.1676,4.2594,4.3432,11.261,212.06,263.97,761.75,-0.21792,172.79,0.096828,liquid
393.15,0.5,5.9158,0.16904,5.5846,5.6691,14.655,214.02,266.41,741.61,-0.20174,166.01,0.095515,liquid
398.15,0.5,5.864,0.17053,6.9221,7.0073,18.037,215.98,268.89,721.47,-0.18451,159.53,0.094212,liquid
403.15,0.5,5.8113,0.17208,8.272,8.358,21.409,217.94,271.41,701.32,-0.16609,153.32,0.092919,liquid
408.15,0.5,5.7576,0.17368,9.6347,9.7215,24.77,219.9,273.98,681.14,-0.14632,147.38,0.091636,liquid
413.15,0.5,5.7028,0.17535,11.01,11.098,28.122,221.85,276.62,660.92,-0.125,141.67,0.090362,liquid
418.15,0.5,5.6468,0.17709,12.399,12.488,31.466,223.81,279.32,640.63,-0.1019,136.18,0.089096,liquid
423.15,0.5,5.5894,0.17891,13.802,13.891,34.802,225.76,282.09,620.25,-0.076738,130.9,0.087836,liquid
428.15,0.5,5.5306,0.18081,15.218,15.309,38.133,227.72,284.96,599.75,-0.049179,125.8,0.086583,liquid
433.15,0.5,5.4702,0.18281,16.65,16.741,41.458,229.67,287.94,579.09,-0.018799,120.87,0.085334,liquid
437.09,0.5,5.4214,0.18445,17.787,17.879,44.074,231.21,290.37,562.7,0.0074417,117.1,0.084352,liquid
437.09,0.5,0.1636,6.1125,41.1,44.156,104.19,225.57,245.34,164.34,21.508,8.6443,0.028466,vapor
438.15,0.5,0.16286,6.1401,41.347,44.417,104.79,225.91,245.46,164.88,21.229,8.667,0.028568,vapor
443.15,0.5,0.15954,6.2679,42.512,45.646,107.58,227.5,246.15,167.35,19.994,8.773,0.029055,vapor
448.15,0.5,0.15643,6.3927,43.682,46.879,110.34,229.1,246.96,169.69,18.876,8.8785,0.029552,vapor
453.15,0.5,0.1535,6.5147,44.859,48.116,113.09,230.72,247.89,171.94,17.859,8.9834,0.030058,vapor
458.15,0.5,0.15073,6.6343,46.041,49.358,115.81,232.36,248.9,174.1,16.93,9.0878,0.030571,vapor
463.15,0.5,0.14811,6.7516,47.229,50.605,118.52,234.0,250.0,176.17,16.079,9.1918,0.031092,vapor
468.15,0.5,0.14563,6.8669,48.425,51.858,121.21,235.65,251.16,178.17,15.295,9.2953,0.031619,vapor
473.15,0.5,0.14326,6.9804,49.627,53.117,123.89,237.31,252.37,180.1,14.573,9.3983,0.032153,vapor
478.15,0.5,0.141,7.0922,50.836,54.382,126.55,238.98,253.63,181.98,13.905,9.5009,0.032692,vapor
483.15,0.5,0.13884,7.2025,52.052,55.653,129.19,240.64,254.94,183.79,13.285,9.6031,0.033237,vapor
488.15,0.5,0.13677,7.3114,53.275,56.931,131.82,242.31,256.28,185.56,12.709,9.705,0.033787,vapor
493.15,0.5,0.13479,7.419,54.506,58.216,134.44,243.98,257.64,187.28,12.173,9.8064,0.034342,vapor
498.15,0.5,0.13288,7.5255,55.745,59.508,137.05,245.65,259.03,188.96,11.672,9.9075,0.034902,vapor
503.15,0.5,0.13105,7.6308,56.991,60.806,139.64,247.32,260.44,190.59,11.205,10.008,0.035466,vapor
508.15,0.5,0.12928,7.7352,58.245,62.112,142.22,248.98,261.87,192.19,10.767,10.109,0.036034,vapor
513.15,0.5,0.12757,7.8386,59.506,63.425,144.8,250.64,263.31,193.76,10.356,10.209,0.036606,vapor
518.15,0.5,0.12593,7.9411,60.775,64.745,147.36,252.29,264.77,195.29,9.9704,10.308,0.037182,vapor
523.15,0.5,0.12434,8.0428,62.051,66.073,149.91,253.94,266.23,196.79,9.6078,10.408,0.037761,vapor
528.15,0.5,0.12279,8.1437,63.336,67.408,152.45,255.58,267.7,198.27,9.2664,10.507,0.038344,vapor
533.15,0.5,0.1213,8.244,64.628,68.75,154.97,257.22,269.18,199.71,8.9445,10.606,0.03893,vapor
538.15,0.5,0.11985,8.3435,65.928,70.099,157.49,258.85,270.66,201.13,8.6407,10.704,0.039519,vapor
543.15,0.5,0.11845,8.4425,67.235,71.456,160.0,260.47,272.14,202.53,8.3536,10.803,0.040112,vapor
548.15,0.5,0.11708,8.5408,68.55,72.821,162.5,262.09,273.63,203.91,8.082,10.901,0.040707,vapor
553.15,0.5,0.11576,8.6386,69.873,74.193,165.0,263.7,275.11,205.26,7.8247,10.998,0.041305,vapor
558.15,0.5,0.11447,8.7359,71.204,75.572,167.48,265.3,276.6,206.6,7.5808,11.096,0.041906,vapor
563.15,0.5,0.11322,8.8327,72.542,76.959,169.95,266.89,278.09,207.91,7.3492,11.193,0.042509,vapor
568.15,0.5,0.11199,8.9291,73.888,78.353,172.42,268.48,279.57,209.21,7.1291,11.29,0.043115,vapor
573.15,0.5,0.1108,9.025,75.242,79.754,174.87,270.06,281.06,210.49,6.9198,11.386,0.043724,vapor
578.15,0.5,0.10964,9.1205,76.603,81.163,177.32,271.63,282.54,211.76,6.7205,11.483,0.044335,vapor
583.15,0.5,0.10851,9.2156,77.972,82.58,179.76,273.19,284.01,213.01,6.5306,11.579,0.044947,vapor
588.15,0.5,0.10741,9.3103,79.348,84.003,182.19,274.75,285.49,214.24,6.3494,11.675,0.045563,vapor
593.15,0.5,0.10633,9.4047,80.732,85.435,184.61,276.29,286.96,215.46,6.1764,11.77,0.04618,vapor
598.15,0.5,0.10528,9.4988,82.124,86.873,187.03,277.83,288.42,216.66,6.0111,11.866,0.046799,vapor
298.15,1.0,6.7912,0.14725,-17.696,-17.549,-52.907,177.83,224.93,1139.2,-0.41269,394.03,0.12264,liquid
303.15,1.0,6.749,0.14817,-16.567,-16.419,-49.151,179.6,226.84,1117.7,-0.40491,373.48,0.12114,liquid
308.15,1.0,6.7065,0.14911,-15.429,-15.28,-45.424,181.4,228.78,1096.3,-0.39691,354.49,0.11965,liquid
313.15,1.0,6.6639,0.15006,-14.281,-14.131,-41.726,183.22,230.76,1075.1,-0.38867,336.9,0.11817,liquid
318.15,1.0,6.6209,0.15104,-13.124,-12.973,-38.055,185.07,232.77,1053.9,-0.38018,320.58,0.11669,liquid
323.15,1.0,6.5777,0.15203,-11.956,-11.804,-34.409,186.93,234.8,1032.9,-0.37144,305.38,0.11523,liquid
328.15,1.0,6.5341,0.15304,-10.777,-10.624,-30.788,188.81,236.87,1012.0,-0.36242,291.21,0.11378,liquid
333.15,1.0,6.4902,0.15408,-9.589,-9.4349,-27.19,190.71,238.96,991.24,-0.35312,277.96,0.11233,liquid
338.15,1.0,6.446,0.15513,-8.3899,-8.2348,-23.615,192.62,241.08,970.56,-0.34351,265.55,0.1109,liquid
343.15,1.0,6.4014,0.15622,-7.1802,-7.024,-20.061,194.53,243.23,949.98,-0.33356,253.9,0.10948,liquid
348.15,1.0,6.3563,0.15732,-5.9598,-5.8025,-16.527,196.46,245.39,929.5,-0.32326,242.94,0.10807,liquid
353.15,1.0,6.3108,0.15846,-4.7285,-4.57,-13.012,198.4,247.58,909.1,-0.31257,232.62,0.10667,liquid
358.15,1.0,6.2649,0.15962,-3.4862,-3.3266,-9.5156,200.34,249.8,888.8,-0.30145,222.89,0.10529,liquid
363.15,1.0,6.2184,0.16081,-2.2328,-2.072,-6.0369,202.29,252.04,868.57,-0.28987,213.68,0.10392,liquid
368.15,1.0,6.1714,0.16204,-0.9682,-0.80617,-2.575,204.24,254.3,848.42,-0.27778,204.96,0.10256,liquid
373.15,1.0,6.1239,0.1633,0.30775,0.47105,0.87091,206.19,256.59,828.34,-0.26513,196.7,0.10121,liquid
378.15,1.0,6.0757,0.16459,1.5952,1.7598,4.3016,208.15,258.9,808.32,-0.25185,188.85,0.099875,liquid
383.15,1.0,6.0268,0.16592,2.8942,3.0601,7.7177,210.11,261.24,788.35,-0.23788,181.38,0.098552,liquid
388.15,1.0,5.9773,0.1673,4.205,4.3723,11.12,212.06,263.62,768.42,-0.22313,174.27,0.097241,liquid
393.15,1.0,5.927,0.16872,5.5276,5.6963,14.51,214.02,266.02,748.52,-0.20753,167.49,0.095941,liquid
398.15,1.0,5.8758,0.17019,6.8623,7.0325,17.887,215.97,268.46,728.65,-0.19095,161.01,0.094653,liquid
403.15,1.0,5.8238,0.17171,8.2093,8.381,21.253,217.93,270.95,708.78,-0.17328,154.8,0.093376,liquid
408.15,1.0,5.7708,0.17328,9.5688,9.7421,24.608,219.88,273.47,688.9,-0.15438,148.86,0.09211,liquid
413.15,1.0,5.7168,0.17492,10.941,11.116,27.953,221.83,276.05,669.0,-0.13407,143.16,0.090854,liquid
418.15,1.0,5.6617,0.17662,12.326,12.503,31.29,223.78,278.69,649.06,-0.11215,137.68,0.089607,liquid
423.15,1.0,5.6054,0.1784,13.725,13.903,34.618,225.73,281.4,629.06,-0.088383,132.41,0.088368,liquid
428.15,1.0,5.5477,0.18026,15.137,15.317,37.94,227.67,284.18,608.98,-0.062479,127.33,0.087137,liquid
433.15,1.0,5.4885,0.1822,16.563,16.745,41.256,229.62,287.06,588.78,-0.034084,122.42,0.085913,liquid
438.15,1.0,5.4277,0.18424,18.003,18.188,44.568,231.56,290.05,568.43,-0.0027628,117.68,0.084693,liquid
443.15,1.0,5.3651,0.18639,19.459,19.646,47.877,233.51,293.16,547.9,0.032026,113.08,0.083477,liquid
448.15,1.0,5.3005,0.18866,20.931,21.119,51.184,235.46,296.43,527.15,0.070968,108.62,0.082261,liquid
453.15,1.0,5.2336,0.19107,22.419,22.61,54.492,237.41,299.89,506.11,0.11494,104.27,0.081045,liquid
458.15,1.0,5.164,0.19365,23.925,24.119,57.803,239.37,303.58,484.72,0.1651,100.03,0.079825,liquid
463.15,1.0,5.0915,0.19641,25.45,25.646,61.119,241.34,307.56,462.91,0.22297,95.876,0.078596,liquid
468.15,1.0,5.0155,0.19938,26.996,27.195,64.444,243.32,311.91,440.56,0.29066,91.799,0.077356,liquid
473.15,1.0,4.9354,0.20262,28.564,28.766,67.783,245.33,316.74,417.53,0.37115,87.776,0.076099,liquid
474.34,1.0,4.9156,0.20343,28.942,29.145,68.583,245.81,317.98,411.92,0.39269,86.822,0.075795,liquid
474.34,1.0,0.34236,2.9209,48.276,51.197,115.07,244.66,280.17,149.5,20.172,10.019,0.035633,vapor
478.15,1.0,0.33465,2.9882,49.272,52.26,117.3,245.46,278.47,152.59,18.997,10.083,0.035908,vapor
483.15,1.0,0.32545,3.0726,50.575,53.648,120.19,246.59,276.9,156.35,17.651,10.17,0.0363,vapor
488.15,1.0,0.31714,3.1532,51.876,55.03,123.04,247.79,275.88,159.81,16.484,10.258,0.036719,vapor
493.15,1.0,0.30954,3.2306,53.177,56.407,125.84,249.04,275.28,163.04,15.46,10.348,0.03716,vapor
498.15,1.0,0.30256,3.3052,54.478,57.783,128.62,250.33,275.01,166.07,14.551,10.438,0.03762,vapor
503.15,1.0,0.29609,3.3774,55.781,59.158,131.37,251.66,275.0,168.93,13.738,10.53,0.038095,vapor
508.15,1.0,0.29007,3.4475,57.086,60.533,134.09,253.01,275.2,171.63,13.007,10.622,0.038584,vapor
513.15,1.0,0.28444,3.5157,58.394,61.91,136.78,254.39,275.56,174.2,12.345,10.714,0.039084,vapor
518.15,1.0,0.27915,3.5823,59.707,63.289,139.46,255.78,276.07,176.66,11.742,10.807,0.039595,vapor
523.15,1.0,0.27416,3.6475,61.024,64.671,142.11,257.19,276.7,179.01,11.191,10.9,0.040114,vapor
528.15,1.0,0.26945,3.7113,62.345,66.056,144.75,258.62,277.42,181.27,10.685,10.994,0.040642,vapor
533.15,1.0,0.26498,3.7739,63.672,67.445,147.36,260.05,278.23,183.44,10.219,11.087,0.041177,vapor
538.15,1.0,0.26073,3.8354,65.003,68.839,149.97,261.5,279.11,185.54,9.7889,11.18,0.041718,vapor
543.15,1.0,0.25668,3.896,66.341,70.237,152.55,262.95,280.05,187.57,9.39,11.274,0.042266,vapor
548.15,1.0,0.25281,3.9556,67.684,71.639,155.12,264.41,281.04,189.54,9.0194,11.367,0.04282,vapor
553.15,1.0,0.2491,4.0144,69.033,73.047,157.68,265.87,282.08,191.45,8.674,11.461,0.043379,vapor
558.15,1.0,0.24555,4.0724,70.388,74.46,160.22,267.34,283.16,193.31,8.3516,11.554,0.043942,vapor
563.15,1.0,0.24215,4.1298,71.749,75.879,162.75,268.81,284.28,195.12,8.0498,11.647,0.044511,vapor
568.15,1.0,0.23887,4.1864,73.117,77.303,165.27,270.28,285.42,196.88,7.7669,11.74,0.045083,vapor
573.15,1.0,0.23571,4.2425,74.491,78.733,167.78,271.75,286.59,198.6,7.5011,11.833,0.04566,vapor
578.15,1.0,0.23267,4.298,75.871,80.169,170.27,273.22,287.79,200.29,7.2509,11.926,0.04624,vapor
583.15,1.0,0.22973,4.3529,77.258,81.611,172.75,274.69,289.0,201.93,7.015,12.019,0.046824,vapor
588.15,1.0,0.22689,4.4074,78.652,83.059,175.23,276.16,290.23,203.54,6.7923,12.111,0.047411,vapor
593.15,1.0,0.22415,4.4614,80.052,84.513,177.69,277.62,291.47,205.12,6.5817,12.204,0.048002,vapor
598.15,1.0,0.22149,4.5149,81.459,85.974,180.14,279.09,292.72,206.67,6.3823,12.296,0.048595,vapor
298.15,1.5,6.796,0.14714,-17.723,-17.502,-52.998,177.86,224.84,1143.0,-0.41375,396.2,0.12288,liquid
303.15,1.5,6.754,0.14806,-16.595,-16.373,-49.243,179.63,226.74,1121.6,-0.40606,375.56,0.12139,liquid
308.15,1.5,6.7118,0.14899,-15.458,-15.235,-45.518,181.43,228.67,1100.3,-0.39815,356.5,0.1199,liquid
313.15,1.5,6.6693,0.14994,-14.311,-14.086,-41.822,183.25,230.64,1079.2,-0.39001,338.84,0.11843,liquid
318.15,1.5,6.6265,0.15091,-13.155,-12.928,-38.153,185.09,232.64,1058.2,-0.38163,322.46,0.11696,liquid
323.15,1.5,6.5835,0.15189,-11.988,-11.76,-34.509,186.96,234.67,1037.3,-0.37301,307.21,0.11551,liquid
328.15,1.5,6.5402,0.1529,-10.811,-10.581,-30.89,188.84,236.73,1016.5,-0.36413,292.98,0.11406,liquid
333.15,1.5,6.4966,0.15393,-9.6235,-9.3926,-27.295,190.73,238.81,995.87,-0.35497,279.69,0.11263,liquid
338.15,1.5,6.4526,0.15498,-8.4257,-8.1933,-23.721,192.64,240.92,975.32,-0.34552,267.24,0.1112,liquid
343.15,1.5,6.4082,0.15605,-7.2174,-6.9833,-20.17,194.55,243.05,954.89,-0.33575,255.55,0.10979,liquid
348.15,1.5,6.3635,0.15715,-5.9984,-5.7627,-16.638,196.48,245.21,934.55,-0.32565,244.56,0.10839,liquid
353.15,1.5,6.3183,0.15827,-4.7686,-4.5312,-13.126,198.41,247.39,914.32,-0.31517,234.22,0.107,liquid
358.15,1.5,6.2727,0.15942,-3.5279,-3.2888,-9.6327,200.36,249.59,894.18,-0.30429,224.45,0.10563,liquid
363.15,1.5,6.2266,0.1606,-2.2762,-2.0353,-6.1571,202.3,251.81,874.13,-0.29298,215.22,0.10426,liquid
368.15,1.5,6.18,0.16181,-1.0134,-0.77065,-2.6984,204.25,254.05,854.16,-0.28118,206.49,0.10292,liquid
373.15,1.5,6.1328,0.16306,0.2607,0.50528,0.74402,206.2,256.32,834.26,-0.26886,198.21,0.10158,liquid
378.15,1.5,6.0851,0.16434,1.5461,1.7926,4.171,208.16,258.61,814.44,-0.25595,190.34,0.10026,liquid
383.15,1.5,6.0367,0.16565,2.843,3.0915,7.5832,210.11,260.93,794.68,-0.24239,182.87,0.098945,liquid
388.15,1.5,5.9877,0.16701,4.1515,4.402,10.981,212.06,263.28,774.97,-0.22812,175.75,0.097647,liquid
393.15,1.5,5.9379,0.16841,5.4717,5.7243,14.366,214.02,265.65,755.31,-0.21305,168.96,0.096361,liquid
398.15,1.5,5.8874,0.16985,6.8038,7.0586,17.739,215.97,268.06,735.68,-0.19708,162.47,0.095087,liquid
403.15,1.5,5.836,0.17135,8.1479,8.405,21.099,217.92,270.51,716.08,-0.18011,156.27,0.093826,liquid
408.15,1.5,5.7838,0.1729,9.5043,9.7637,24.449,219.87,272.99,696.49,-0.162,150.33,0.092575,liquid
413.15,1.5,5.7305,0.1745,10.873,11.135,27.788,221.81,275.52,676.89,-0.14262,144.63,0.091336,liquid
418.15,1.5,5.6763,0.17617,12.255,12.519,31.118,223.76,278.1,657.28,-0.12177,139.16,0.090107,liquid
423.15,1.5,5.6209,0.17791,13.649,13.916,34.439,225.7,280.75,637.63,-0.099266,133.9,0.088888,liquid
428.15,1.5,5.5642,0.17972,15.057,15.327,37.753,227.64,283.46,617.92,-0.074845,128.83,0.087679,liquid
433.15,1.5,5.5062,0.18161,16.478,16.751,41.06,229.57,286.25,598.14,-0.048211,123.95,0.086477,liquid
438.15,1.5,5.4467,0.1836,17.914,18.189,44.362,231.51,289.13,578.26,-0.019001,119.22,0.085282,liquid
443.15,1.5,5.3856,0.18568,19.364,19.642,47.659,233.44,292.12,558.24,0.013231,114.65,0.084092,liquid
448.15,1.5,5.3226,0.18788,20.829,21.111,50.954,235.38,295.24,538.04,0.049042,110.22,0.082907,liquid
453.15,1.5,5.2576,0.1902,22.31,22.595,54.248,237.32,298.52,517.64,0.089131,105.91,0.081724,liquid
458.15,1.5,5.1902,0.19267,23.807,24.096,57.542,239.26,301.98,496.97,0.13439,101.72,0.08054,liquid
463.15,1.5,5.1203,0.1953,25.322,25.615,60.84,241.2,305.68,475.98,0.18599,97.623,0.079354,liquid
468.15,1.5,5.0474,0.19812,26.856,27.153,64.143,243.16,309.66,454.59,0.24548,93.614,0.078161,liquid
473.15,1.5,4.9709,0.20117,28.411,28.712,67.456,245.13,314.0,432.7,0.31496,89.674,0.076959,liquid
478.15,1.5,4.8904,0.20448,29.987,30.294,70.781,247.12,318.81,410.19,0.39737,85.788,0.075741,liquid
483.15,1.5,4.805,0.20812,31.589,31.902,74.125,249.15,324.25,386.91,0.49701,81.935,0.074501,liquid
488.15,1.5,4.7135,0.21216,33.22,33.538,77.495,251.21,330.55,362.62,0.62038,78.089,0.073233,liquid
493.15,1.5,4.6145,0.21671,34.884,35.209,80.901,253.35,338.1,337.03,0.77792,74.218,0.071924,liquid
498.15,1.5,4.5054,0.22196,36.589,36.922,84.357,255.58,347.58,309.64,0.98782,70.273,0.070562,liquid
499.24,1.5,4.48,0.22321,36.966,37.301,85.117,256.09,350.0,303.39,1.0432,69.4,0.070257,liquid
499.24,1.5,0.55819,1.7915,52.862,55.549,121.67,258.4,324.66,131.97,21.41,11.686,0.041818,vapor
503.15,1.5,0.53853,1.8569,54.017,56.802,124.17,258.72,316.16,137.07,19.567,11.684,0.041835,vapor
508.15,1.5,0.51731,1.9331,55.464,58.363,127.26,259.31,308.74,142.75,17.701,11.701,0.04198,vapor
513.15,1.5,0.49923,2.0031,56.889,59.894,130.25,260.04,303.66,147.76,16.204,11.733,0.04222,vapor
518.15,1.5,0.48347,2.0684,58.3,61.403,133.18,260.9,300.09,152.25,14.966,11.777,0.042524,vapor
523.15,1.5,0.46949,2.13,59.701,62.896,136.05,261.84,297.55,156.33,13.919,11.828,0.042876,vapor
528.15,1.5,0.45694,2.1885,61.097,64.379,138.87,262.85,295.75,160.09,13.016,11.885,0.043264,vapor
533.15,1.5,0.44555,2.2444,62.488,65.855,141.65,263.92,294.5,163.59,12.228,11.947,0.043681,vapor
538.15,1.5,0.43512,2.2982,63.878,67.325,144.4,265.05,293.68,166.86,11.533,12.013,0.04412,vapor
543.15,1.5,0.42551,2.3501,65.267,68.792,147.11,266.21,293.18,169.93,10.913,12.082,0.044579,vapor
548.15,1.5,0.41659,2.4005,66.657,70.257,149.79,267.41,292.96,172.84,10.356,12.154,0.045055,vapor
553.15,1.5,0.40827,2.4493,68.048,71.722,152.45,268.64,292.96,175.6,9.8532,12.227,0.045543,vapor
558.15,1.5,0.40048,2.497,69.442,73.187,155.09,269.9,293.13,178.24,9.3959,12.302,0.046044,vapor
563.15,1.5,0.39316,2.5435,70.838,74.654,157.71,271.18,293.45,180.76,8.9781,12.379,0.046556,vapor
568.15,1.5,0.38626,2.589,72.238,76.122,160.3,272.48,293.9,183.18,8.5946,12.457,0.047076,vapor
573.15,1.5,0.37972,2.6335,73.642,77.593,162.88,273.8,294.45,185.51,8.2413,12.536,0.047605,vapor
578.15,1.5,0.37351,2.6773,75.051,79.067,165.44,275.13,295.1,187.76,7.9146,12.616,0.048142,vapor
583.15,1.5,0.36761,2.7203,76.463,80.544,167.98,276.47,295.82,189.92,7.6114,12.696,0.048685,vapor
588.15,1.5,0.36198,2.7626,77.881,82.025,170.51,277.82,296.61,192.03,7.3293,12.777,0.049234,vapor
593.15,1.5,0.35661,2.8042,79.304,83.51,173.03,279.18,297.45,194.06,7.0662,12.859,0.049789,vapor
598.15,1.5,0.35146,2.8453,80.732,84.999,175.53,280.54,298.35,196.04,6.82,12.941,0.050349,vapor
298.15,2.0,6.8008,0.14704,-17.75,-17.456,-53.089,177.89,224.75,1146.7,-0.41478,398.37,0.12312,liquid
303.15,2.0,6.759,0.14795,-16.623,-16.327,-49.335,179.66,226.64,1125.4,-0.40718,377.64,0.12163,liquid
308.15,2.0,6.7169,0.14888,-15.487,-15.189,-45.612,181.45,228.57,1104.3,-0.39936,358.5,0.12016,liquid
313.15,2.0,6.6747,0.14982,-14.341,-14.041,-41.917,183.28,230.53,1083.3,-0.39132,340.78,0.11869,liquid
318.15,2.0,6.6321,0.15078,-13.185,-12.884,-38.25,185.12,232.52,1062.4,-0.38305,324.33,0.11723,liquid
323.15,2.0,6.5893,0.15176,-12.02,-11.716,-34.608,186.98,234.55,1041.6,-0.37455,309.03,0.11578,liquid
328.15,2.0,6.5462,0.15276,-10.844,-10.538,-30.991,188.86,236.59,1021.0,-0.3658,294.75,0.11434,liquid
333.15,2.0,6.5028,0.15378,-9.6577,-9.3501,-27.398,190.75,238.67,1000.4,-0.35678,281.41,0.11292,liquid
338.15,2.0,6.4591,0.15482,-8.4612,-8.1515,-23.827,192.66,240.77,980.04,-0.34748,268.92,0.1115,liquid
343.15,2.0,6.415,0.15588,-7.2542,-6.9424,-20.278,194.57,242.89,959.74,-0.33788,257.2,0.1101,liquid
348.15,2.0,6.3706,0.15697,-6.0366,-5.7226,-16.749,196.5,245.03,939.55,-0.32796,246.18,0.1087,liquid
353.15,2.0,6.3257,0.15808,-4.8082,-4.4921,-13.239,198.43,247.19,919.47,-0.31769,235.8,0.10732,liquid
358.15,2.0,6.2804,0.15922,-3.5691,-3.2506,-9.7486,200.37,249.38,899.49,-0.30704,226.01,0.10596,liquid
363.15,2.0,6.2347,0.16039,-2.319,-1.9982,-6.276,202.31,251.59,879.6,-0.29598,216.76,0.10461,liquid
368.15,2.0,6.1885,0.16159,-1.0579,-0.73473,-2.8205,204.26,253.81,859.81,-0.28447,208.01,0.10327,liquid
373.15,2.0,6.1417,0.16282,0.21431,0.53995,0.61861,206.21,256.06,840.1,-0.27245,199.71,0.10195,liquid
378.15,2.0,6.0944,0.16409,1.4978,1.8259,4.042,208.16,258.34,820.46,-0.2599,191.83,0.10063,liquid
383.15,2.0,6.0465,0.16539,2.7926,3.1234,7.4504,210.12,260.63,800.9,-0.24673,184.34,0.099334,liquid
388.15,2.0,5.9979,0.16672,4.0989,4.4323,10.845,212.07,262.95,781.41,-0.2329,177.21,0.098048,liquid
393.15,2.0,5.9487,0.1681,5.4167,5.7529,14.225,214.02,265.3,761.97,-0.21833,170.41,0.096775,liquid
398.15,2.0,5.8987,0.16953,6.7463,7.0854,17.593,215.97,267.68,742.58,-0.20293,163.92,0.095515,liquid
403.15,2.0,5.848,0.171,8.0878,8.4298,20.948,217.91,270.09,723.23,-0.1866,157.72,0.094267,liquid
408.15,2.0,5.7964,0.17252,9.4412,9.7863,24.293,219.86,272.53,703.9,-0.16923,151.78,0.093032,liquid
413.15,2.0,5.7439,0.1741,10.807,11.155,27.626,221.8,275.02,684.59,-0.1507,146.09,0.091809,liquid
418.15,2.0,5.6904,0.17573,12.185,12.537,30.949,223.74,277.55,665.29,-0.13083,140.62,0.090598,liquid
423.15,2.0,5.6359,0.17743,13.576,13.931,34.264,225.67,280.13,645.97,-0.10947,135.37,0.089397,liquid
428.15,2.0,5.5802,0.1792,14.98,15.338,37.57,227.6,282.78,626.62,-0.086378,130.31,0.088207,liquid
433.15,2.0,5.5233,0.18105,16.397,16.759,40.869,229.53,285.49,607.22,-0.061317,125.44,0.087026,liquid
438.15,2.0,5.465,0.18298,17.827,18.193,44.161,231.46,288.28,587.75,-0.033975,120.74,0.085855,liquid
443.15,2.0,5.4052,0.18501,19.272,19.642,47.449,233.38,291.17,568.19,-0.0039802,116.19,0.08469,liquid
448.15,2.0,5.3437,0.18713,20.731,21.105,50.732,235.31,294.16,548.51,0.029123,111.78,0.083532,liquid
453.15,2.0,5.2804,0.18938,22.205,22.583,54.013,237.23,297.28,528.67,0.065898,107.51,0.082379,liquid
458.15,2.0,5.2151,0.19175,23.694,24.078,57.293,239.16,300.56,508.64,0.10705,103.36,0.081229,liquid
463.15,2.0,5.1474,0.19427,25.201,25.589,60.574,241.09,304.02,488.36,0.15349,99.308,0.080079,liquid
468.15,2.0,5.0771,0.19696,26.725,27.119,63.858,243.02,307.71,467.79,0.20638,95.355,0.078928,liquid
473.15,2.0,5.0039,0.19985,28.267,28.667,67.148,244.96,311.68,446.85,0.26725,91.484,0.077773,liquid
478.15,2.0,4.9271,0.20296,29.83,30.236,70.447,246.92,316.0,425.47,0.33819,87.68,0.076609,liquid
483.15,2.0,4.8463,0.20634,31.415,31.828,73.758,248.9,320.77,403.53,0.42205,83.929,0.075433,liquid
488.15,2.0,4.7607,0.21005,33.024,33.445,77.088,250.9,326.13,380.9,0.52295,80.212,0.074239,liquid
493.15,2.0,4.6692,0.21417,34.662,35.09,80.441,252.96,332.29,357.4,0.647,76.506,0.07302,liquid
498.15,2.0,4.5704,0.2188,36.332,36.769,83.829,255.07,339.58,332.77,0.80379,72.784,0.071769,liquid
503.15,2.0,4.4622,0.22411,38.041,38.489,87.264,257.28,348.59,306.66,1.0094,69.006,0.070474,liquid
508.15,2.0,4.3411,0.23036,39.799,40.26,90.766,259.65,360.36,278.47,1.2935,65.11,0.069122,liquid
513.15,2.0,4.2012,0.23803,41.625,42.101,94.371,262.26,377.27,247.18,1.7185,60.993,0.067697,liquid
518.15,2.0,4.0301,0.24813,43.555,44.051,98.154,265.36,406.1,210.62,2.4505,56.435,0.066195,liquid
518.34,2.0,4.0227,0.24859,43.632,44.129,98.303,265.5,407.66,209.07,2.4895,56.248,0.066137,liquid
518.34,2.0,0.84527,1.183,55.933,58.299,125.64,270.81,418.0,111.75,24.625,14.063,0.048494,vapor
523.15,2.0,0.78377,1.2759,57.632,60.183,129.26,269.98,372.01,122.0,20.656,13.78,0.047531,vapor
528.15,2.0,0.73842,1.3542,59.271,61.979,132.68,269.75,348.78,130.19,18.004,13.615,0.047161,vapor
533.15,2.0,0.70321,1.422,60.842,63.687,135.89,269.9,335.11,136.95,16.094,13.52,0.047086,vapor
538.15,2.0,0.67436,1.4829,62.373,65.338,138.98,270.29,326.2,142.77,14.621,13.466,0.047179,vapor
543.15,2.0,0.64989,1.5387,63.876,66.953,141.96,270.86,320.04,147.91,13.435,13.439,0.04738,vapor
548.15,2.0,0.62865,1.5907,65.36,68.542,144.88,271.57,315.65,152.55,12.451,13.433,0.047653,vapor
553.15,2.0,0.60988,1.6397,66.832,70.112,147.73,272.38,312.46,156.78,11.616,13.441,0.047981,vapor
558.15,2.0,0.59308,1.6861,68.295,71.668,150.53,273.28,310.13,160.68,10.895,13.46,0.048349,vapor
563.15,2.0,0.57786,1.7305,69.753,73.214,153.29,274.25,308.44,164.31,10.264,13.489,0.04875,vapor
568.15,2.0,0.56397,1.7732,71.207,74.753,156.01,275.27,307.24,167.71,9.7062,13.524,0.049176,vapor
573.15,2.0,0.55118,1.8143,72.658,76.287,158.69,276.35,306.42,170.91,9.2081,13.566,0.049623,vapor
578.15,2.0,0.53934,1.8541,74.109,77.818,161.35,277.47,305.91,173.95,8.7601,13.612,0.050088,vapor
583.15,2.0,0.52833,1.8928,75.561,79.346,163.99,278.62,305.65,176.83,8.3543,13.662,0.050568,vapor
588.15,2.0,0.51803,1.9304,77.014,80.875,166.6,279.81,305.59,179.58,7.9847,13.716,0.051061,vapor
593.15,2.0,0.50836,1.9671,78.468,82.403,169.18,281.01,305.7,182.21,7.6464,13.772,0.051565,vapor
598.15,2.0,0.49925,2.003,79.926,83.932,171.75,282.24,305.96,184.74,7.3353,13.831,0.052079,vapor
